CREATE DATABASE IF NOT EXISTS `privateschool2` /*!40100 DEFAULT CHARACTER SET utf8 */;
USE `privateschool2`;

CREATE TABLE IF NOT EXISTS `courses` (
  `id` int(11) NOT NULL AUTO_INCREMENT,
  `title` varchar(255) NOT NULL,
  `stream` enum('java','csharp') NOT NULL,
  `type` enum('part','full') NOT NULL,
  PRIMARY KEY (`id`)
) ENGINE=InnoDB DEFAULT CHARSET=utf8;

/*!40000 ALTER TABLE `courses` DISABLE KEYS */;
REPLACE INTO `courses` (`id`, `title`, `stream`, `type`) VALUES
	(1, 'Intro to programming', 'java', 'part'),
	(2, 'Intro to programming', 'java', 'full'),
	(3, 'Intro to programming', 'csharp', 'part'),
	(4, 'Intro to programming', 'csharp', 'full'),
	(5, 'Design patterns', 'java', 'part'),
	(6, 'Design patterns', 'java', 'full'),
	(7, 'Design patterns', 'csharp', 'part'),
	(8, 'Design patterns', 'csharp', 'full'),
	(9, 'Servlets & JSP', 'java', 'part'),
	(10, 'Servlets & JSP', 'java', 'full'),
	(11, 'The .NET platform', 'csharp', 'part'),
	(12, 'The .NET platform', 'csharp', 'full'),
	(13, 'Spring MVC & Spring Boot', 'java', 'part'),
	(14, 'Spring MVC & Spring Boot', 'java', 'full'),
	(15, 'An Introduction to Databases', 'java', 'part'),
	(16, 'An Introduction to Databases', 'csharp', 'part');
/*!40000 ALTER TABLE `courses` ENABLE KEYS */;

CREATE TABLE IF NOT EXISTS `users` (
  `id` int(11) NOT NULL AUTO_INCREMENT,
  `type` enum('headmaster','trainer','student') NOT NULL,
  `username` varchar(50) NOT NULL,
  `password` varbinary(512) NOT NULL,
  `key` varbinary(512) NOT NULL,
  PRIMARY KEY (`id`),
  UNIQUE KEY `Index 2` (`username`)
) ENGINE=InnoDB DEFAULT CHARSET=utf8;

/*!40000 ALTER TABLE `users` DISABLE KEYS */;
REPLACE INTO `users` (`id`, `type`, `username`, `password`, `key`) VALUES
	(1,'headmaster','admin',0xFB8043CE77CFB5649AA07544B5CC178CE3C42422BB1E2B2A493CCB7BD73587E1A6D2F46C02E1AEB14FBEE42E0EC8DC16DED7DE7EF0222307AD7E4122B06804F8,0x3DBE51FEDB2AF8385EA120986234C897),(2,'trainer','trainer1',0x79D63E051D9F827408E8BFB9A059681F853B77D64FBC47F7DA9C007F8F6D2B11F993E2939E5DE6C7AE843FF9A47C5E089C94B77DF652263B3B23C969F3D52734,0x2DC26B75E3524C422FC504499CE2D05F),(3,'trainer','trainer2',0x4898EC8297309F724DD8495C9027A81CDBAB9C3BCFA95F00A6D5A6588D6F134CBF9B09DE269468650B4BE5D0C74A32C825C0E5BA97755521D38DAF0D260F224D,0x9B11620578A0A5D649F4EEB2A49FD5DC),(4,'trainer','trainer3',0xFCDF5ECF98E93973DBB04DBB76FA5C2C822BD7E204925E39F95E6D08D0B78454043111AAE37285E659E9C480643E4D95EAC5E50F0EB75B842402C95E153ADC03,0x53C2C0506143A3EEBF3E613B169868E9),(5,'trainer','trainer4',0x4BA436C2E392F220DFC68A3ABB2935150E60C1EEBA2824A86BA99E181647BBCA4C366C6DB9353718F20EF16807E532144DB9A58FC118CC83C5D22C1633C411AF,0x01AA6AA263CA05AFD8E4788C7EAB397C),(6,'trainer','trainer5',0x870BE4A601B0AE67741B9CD455E33871F085B2A8765536C977C26716425063B675CE75424BEEFDF92FCD869B3F7FAEE75F8AD9D6BABA9D329BC424514498A11E,0xB998B3DDF46F3C5C04422201BFC5C561),(7,'trainer','trainer6',0x5113B44E9A442A08E0FE4BCE7B4BD9E4D24C205083105F44E22551F9576AB76B725D805E42420A1B2F8E5D7EF6AD22FDB0C2DD569955EA6B54F7A09F43166C38,0xC9A40E087EAA6D5574009744AEBC013F),(8,'trainer','trainer7',0x6D143010D466B2145AD58BB4F3242B1734274798E2143DEDD06C47DE9E797EEBC9820CBD4C539CBFF496C3A99E03636004D4720092D80285E8A7D30A501397BA,0x116527DD020E22751397B7BBF5DE5465),(10,'trainer','trainer8',0xDF427E7212E02AA5D9FCE7B1A63978987410697973185968F5262A0FBBA9A19C44BB2AE44067B962AC476F69E210A7EC9587A14117AA3842E32CE5F074967B59,0x581C485898CDE54E6BF676D4647076BF),(11,'trainer','trainer9',0xD7E08E4CCD337E16570849C05CD9838D05926044CBF337EA480F8B323FFAFC7F5B42CFDBB06463CE30698EE9D37CC475266AB32D259E25A040F738BD81F548A3,0x3261F925C8F9D1D580F8ADFD503F106B),(12,'student','student1',0xE45BFF57F051C2F3E671A4F4EB63BDF0ED98E1C42E3789D677122973957A234FB1E6ECFB81862FABE6F2CBFF14C8237ED40A1B7C98B138ECC9FD37CFACCB788E,0xE34EB1668A3DE7D9954F66370F316E0F),(13,'student','student2',0x9B53165E695400F7122AD586D709930A93D3937FDD0B2DC4096C51E497BB1CBC1BD17933A695761420BD84D7CADE903992ACA4A861C46B84FE36484024C79B0B,0xF17D73071D7E8A96EFE4C3A4BFAEDECB),(14,'student','student3',0x85432BC9D065EDF88A5036AE6C1087B462F782DC162421E5556D4934CF0DD3020D2F5BBA4740BA2C32B6DE8F8BB19EB219CA6F0B6D5BD0A162925ABB2303C31C,0x018EEAC520B616BF79C37CD64957149B),(15,'student','student4',0xF05595BE3D3F394E5F3754455997F5FA93F0DEA65FBA34E3458A8F9518D39C49E952E29E7ADDEE76E584ECBA87934CA48862AE6B3F21B30C205D67138ABFF483,0xAD7D056501A8DA627F96705F3D19027E),(16,'student','student5',0x4C94544166D24F78173E1463888E05CD90357301C9D4CF43CDF808DD6649477633AAEB06BAF6891C89F4F9BDD3E590B80DB9B56384A8C324A4AF3C179A0F7F9F,0x3A54DC8143EA5589AF1A8A844A304172),(17,'student','student6',0x5AC926D6903659102B7759E21E09655A2C730CBB044248C586CD021A042686D3372435E2C8E0517A8F67F30972E3BA876627D77149AF2343EDB22AAC4FEC17BB,0x14F5EC437C7D3FBF2B932A283C70EFC3),(18,'student','student7',0x9EB50FA6AB2E22C1A5BDAE3A8E41B24592DBCBBA5DC0D21790EEBF8196387CADB71202569F214A03FE23C9FE403C45AE742FAB144F77C600BE38C638D048D95A,0x23D408A272566A4B6B179C8C711B8C5F),(19,'student','student8',0x223DD51BF81B63DDA1F2292E6124E48308DE659F82ED839B365BB19A4C7BE1E510E107EEA39F4B4921EC5F0EE3E5A3D7C72C516EE87264443C9669637C5CAB2E,0xAA0B163F360529CBFE49B15BBC7EA0B5),(20,'student','student9',0xB41E393E8FD08FABD78B7F283891D9DC513DA1D860CEB669896E4B69C796BE1FD429EB13F3239C6B8A6D31CEA1E1850492C1F93050917C7A5FC439E9ED9F4CC1,0x7883F50095C2414112FD3BB466BEFAB4),(21,'student','student10',0xA4FD22290B2971E598024EA361EC5D0EA882EF038C371CDD57ACD911525E83ACEF65F5502B50AF8B2601DA024243C34C187F1638C84380D86D846761133B20AB,0x0ED90A550A10AD5DF40CC2C5B2450EFC),(22,'student','student11',0xFC3C5295409522E041176A2257C6FE802B00E46187C9C47D802048A11AC53ABA207899F3C743B3C55EBD4D11DC156C2CFDBD0B2BAA074E2BC477D07699DB080B,0x01A681FA5A3B52AF9614DCEDC03C693A),(23,'student','student12',0x45438EBC715F16114668E3FB344805D678D1C52C7B60C3BBB3A7C5B656420DF296301D2ECB69FA980BD27FFCA0606E72060B401BE5DDD7D906ECB9B333E82498,0xC249F7680A309B6EF8D85231FC7E00D2),(24,'student','student13',0xA635ECE933FCF89FF4F6E53402D9A984D86DB714C19C44B4B435D9BF29B091267F0D2F96C2E1B5199EF2B8B688B90DD1BA317E060479EF79D948BCAEF1583C58,0x61CFB29DAFD3998F1F3FAA7E2F2BD03B),(25,'student','student14',0xA4C7E7CE7484A809830984E5D40652DAECBF983A3613C74673675868BF6BAE010B57434306ABD162F2D05FC9AB37A371A8E075D002F36D2664432154AE53BD70,0x8967169BA96FE22E152A815E9086C09D),(26,'student','student15',0x4F11BF2CC7DF9C91DE237F3140AD916895770A790789CE2E4B47DD634E8339A01F5196632D92AB652514FB57965B843897F52EF1DA9B7B038385373FA7B92612,0x19B8AF9E02AF223157655919D307F1F8),(27,'student','student16',0x44FCA839253BCC57C21963290A5AFBE7EE513F06F0CAA83A733F74EBB84F8E9EAB29AC39087CC2AC900321A69A9AB937118B517C24A02239065D51FB7DD39782,0x3652BBFCD874152238C74D374A12D850),(28,'student','student17',0xF6BAFDBEAA89520D6DA44DC5C143297E91F60A951EDA10995A52014AA4B5A209754DF222E46C0C4493166EFAB65B72FD1026E3AF2C8C5794B9A473127A7CD18B,0x70CCD4B33BBF9A77495D9F931664EB1A),(29,'student','student18',0x43E14086B310CEDF04784AFF770F7658C02475063A5EF9E0F35A8FBB758B3867283480BAF740BBACDF06886DF67538FB2AFD973064A918D398E9B8564E3C478C,0x89D2503BDF186297D82975269B28E280),(30,'student','student19',0x8994F236DA4B6A4D42391E10F10F1B4BA7EA50B5BED6BE45DBFE8ABE01A5C5723D99AEB40128F40B8399E5E025CE0205D225B0423039AE2C0EE55F7C772A83B9,0x4D8CBEEE91B0043AC902B1EA07616CBF),(31,'student','student20',0x7C2EBA833ACDCC733A08C05E6322D94C63559B4F50EA991C0C95984EF40EEB6B98BC74952C0A285B835C64B71F8B5FEFB9167EF402252DD510B3A92650936C4A,0x30A13EFF848EC010572995F6612B3E5F),(32,'student','student21',0xEFFAC84AFC967EEF9A8DC6381D28CFB5CA1DD71871E084CE8F3F383C4F919E9C047409847F9E09F454F5332A14495BC79BA569BB08C5C1824B13C655436E4704,0x0ECF01B944DC4B3F6CDEBCE619821598),(33,'student','student22',0xD7B30A1D9352F40A9E8F1C63A528748B12AD42E9DDD84A001955136240B58C3322F363565B440491AE11593D79442A67230C099373D2B2E63B314F505C55D296,0x0C36494EA15DDF0734C07A19A3B36F02),(34,'student','student23',0xF959A1818F013A094E507C2E411C37EBFF6C4C0827222FEA4A15447B5B97BEDB60C8ECB5389A1E816FC95F0A89070BC557F8749A76310D794E858770F8F5CAFE,0x8562B3EAC5D059CF96DDF0F5616D0E08),(35,'student','student24',0x48AE2E3C868418DA9C2247B7CB417DB496A3B44A3DBCDCE83F8656FCB4029D76F81F61197DBC2990FF599B63A1CBFD124D57C8B3B124CD24E25DDE6C389628E5,0x3B1A68C0C289A3C756D6AD0CB9B242C1),(36,'student','student25',0x572688A328A47E205A4BBE3117A9E1C9DB16782B344DE3D943FACDE17AEA773368EBD0A88EEFF13E869308162B9C550C3AA2BF310B263323F234F0966D0D4B82,0x87D693EA8539486340CE27DF2B668C24),(37,'student','student26',0xFAFE2BA01A06C2CB63FF110991C2DCDF52913587EF5EA106D926147756F42A4DAD0999695650F23BBCCDF32906DE53C307573A5206EFD6F104EF887A1D9AA258,0x71BEDC8596CE46D6C0B1F00B708453DF),(38,'student','student27',0x1540D9DB8BE82AEE11C1E524737FA4EA944EC1CCCD0BD466B225086D949C01E44795835A2B95088B2CD7B8BF870A9A7DC63D74FDB36E22E65BD54D850065C455,0x942CEA76635E041D2B6D29445033F348),(39,'student','student28',0x0311D5DD704CEF9B9C64496BD021B60F2E762D2C472851881731176987D54192132BBFE12A0CACFF4ADDFA7713F4DF95E12C9B7020056CD5301CC8D52586F132,0xEF91718EC23679E4F0012AC8265794CE),(40,'student','student29',0xEDE2DB824063BBE0284F3D45E5335FAF77451989472B89969E42C9F39A983A511B61DC1D0B6955EF732D06903C1E6FEE19C4824531349CE77554F135912B765B,0x820AC9909EA7D69C2F6DB3961904E074),(41,'student','student30',0xC3226B0BAEF58007AD5416CA1C9B55CB9205DD9617694DF4F1514069328762CA459870F5D2002A4AD44493BE4E470D8CF8AE7043475FA331FA71517C2BC1BF2F,0x84898F4E91ECCC3F0DE7174ABDAE1004);
/*!40000 ALTER TABLE `users` ENABLE KEYS */;

CREATE TABLE IF NOT EXISTS `students` (
  `userid` int(11) NOT NULL,
  `firstname` varchar(50) NOT NULL,
  `lastname` varchar(50) NOT NULL,
  `birthdate` date NOT NULL,
  `tuitionfees` float NOT NULL DEFAULT '0',
  PRIMARY KEY (`userid`),
  CONSTRAINT `FK_students_users` FOREIGN KEY (`userid`) REFERENCES `users` (`id`) ON DELETE CASCADE ON UPDATE CASCADE
) ENGINE=InnoDB DEFAULT CHARSET=utf8;

/*!40000 ALTER TABLE `students` DISABLE KEYS */;
REPLACE INTO `students` (`userid`, `firstname`, `lastname`, `birthdate`, `tuitionfees`) VALUES
	(12, 'Julia', 'Morgan', '1998-06-03', 2500),
	(13, 'Paul', 'Young', '1998-03-24', 2000),
	(14, 'Alice', 'Ross', '2000-05-18', 1345),
	(15, 'Bruce', 'Quinn', '2000-08-10', 3000),
	(16, 'David', 'Sanders', '2000-07-10', 1430),
	(17, 'Laura', 'Lewis', '2001-09-21', 5000),
	(18, 'Ray', 'Lee', '1997-09-15', 560),
	(19, 'Steve', 'Bennett', '1998-11-19', 5420),
	(20, 'Tim', 'Cooper', '1993-01-11', 900),
	(21, 'Andrew', 'Walker', '1993-02-17', 590),
	(22, 'Sophia', 'Davies', '1994-03-18', 1700),
	(23, 'John', 'Jones', '1994-11-01', 1560),
	(24, 'Peter', 'Smith', '1988-05-17', 350),
	(25, 'Nick', 'Young', '1989-07-07', 1100),
	(26, 'James', 'Brown', '1991-07-26', 1060),
	(27, 'Jim', 'Williams', '1992-07-09', 780),
	(28, 'Kate', 'Johnson', '1995-12-01', 290),
	(29, 'Helen', 'Taylor', '2003-01-17', 1290),
	(30, 'Julia', 'Wilson', '2003-04-24', 1800),
	(31, 'David', 'Peterson', '1997-04-21', 1900),
	(32, 'Maria', 'Peterson', '1997-04-21', 1900),
	(33, 'Alex', 'Sane', '1995-03-14', 2900),
	(34, 'Paul', 'Ramirez', '1994-01-19', 300),
	(35, 'Christiano', 'Ronaldo', '1987-08-11', 30000000),
	(36, 'Lionel', 'Messi', '1986-06-30', 40000000),
	(37, 'Bill', 'Dimitriadis', '1977-04-12', 100000),
	(38, 'Roberto', 'Carlos', '1975-04-14', 100),
	(39, 'Panagiotis', 'Sakellariou', '1980-09-18', 0),
	(40, 'Rita', 'Sakellariou', '1960-04-25', 0),
	(41, 'Δεν αντέχω', 'Άλλο', '1969-06-09', 6969);
/*!40000 ALTER TABLE `students` ENABLE KEYS */;

CREATE TABLE IF NOT EXISTS `trainers` (
  `userid` int(11) NOT NULL,
  `firstname` varchar(50) NOT NULL,
  `lastname` varchar(50) NOT NULL,
  PRIMARY KEY (`userid`),
  CONSTRAINT `FK_trainers_users` FOREIGN KEY (`userid`) REFERENCES `users` (`id`) ON DELETE CASCADE ON UPDATE CASCADE
) ENGINE=InnoDB DEFAULT CHARSET=utf8;

/*!40000 ALTER TABLE `trainers` DISABLE KEYS */;
REPLACE INTO `trainers` (`userid`, `firstname`, `lastname`) VALUES
	(2, 'Andrew', 'Taylor'),
	(3, 'Sophia', 'Wilson'),
	(4, 'John', 'Johnson'),
	(5, 'Peter', 'Williams'),
	(6, 'Nick', 'Brown'),
	(7, 'James', 'Smith'),
	(8, 'Jim', 'Jones'),
	(10, 'Kate', 'Davies'),
	(11, 'Helen', 'Walker');
/*!40000 ALTER TABLE `trainers` ENABLE KEYS */;

CREATE TABLE IF NOT EXISTS `courses_students` (
  `courseid` int(11) NOT NULL,
  `studentid` int(11) NOT NULL,
  PRIMARY KEY (`courseid`,`studentid`),
  KEY `FK_courses_students_students` (`studentid`),
  CONSTRAINT `FK_courses_students_courses` FOREIGN KEY (`courseid`) REFERENCES `courses` (`id`) ON DELETE CASCADE ON UPDATE CASCADE,
  CONSTRAINT `FK_courses_students_students` FOREIGN KEY (`studentid`) REFERENCES `students` (`userid`) ON DELETE CASCADE ON UPDATE CASCADE
) ENGINE=InnoDB DEFAULT CHARSET=utf8;

/*!40000 ALTER TABLE `courses_students` DISABLE KEYS */;
REPLACE INTO `courses_students` (`courseid`, `studentid`) VALUES
	(1, 12),
	(7, 12),
	(9, 12),
	(15, 12),
	(1, 13),
	(8, 13),
	(11, 13),
	(15, 13),
	(1, 14),
	(9, 14),
	(15, 14),
	(1, 15),
	(11, 15),
	(15, 15),
	(2, 16),
	(10, 16),
	(15, 16),
	(2, 17),
	(9, 17),
	(10, 17),
	(15, 17),
	(2, 18),
	(8, 18),
	(10, 18),
	(11, 18),
	(15, 18),
	(2, 19),
	(8, 19),
	(10, 19),
	(15, 19),
	(2, 20),
	(7, 20),
	(10, 20),
	(15, 20),
	(3, 21),
	(9, 21),
	(10, 21),
	(11, 21),
	(15, 21),
	(3, 22),
	(4, 22),
	(10, 22),
	(15, 22),
	(3, 23),
	(8, 23),
	(10, 23),
	(15, 23),
	(3, 24),
	(8, 24),
	(10, 24),
	(11, 24),
	(12, 24),
	(13, 24),
	(15, 24),
	(3, 25),
	(13, 25),
	(14, 25),
	(15, 25),
	(4, 26),
	(14, 26),
	(15, 26),
	(4, 27),
	(11, 27),
	(13, 27),
	(14, 27),
	(15, 27),
	(4, 28),
	(12, 28),
	(14, 28),
	(15, 28),
	(4, 29),
	(7, 29),
	(9, 29),
	(16, 29),
	(4, 30),
	(16, 30),
	(4, 31),
	(8, 31),
	(11, 31),
	(12, 31),
	(16, 31),
	(4, 32),
	(5, 32),
	(8, 32),
	(14, 32),
	(16, 32),
	(5, 33),
	(12, 33),
	(13, 33),
	(16, 33),
	(5, 34),
	(9, 34),
	(11, 34),
	(13, 34),
	(16, 34),
	(5, 35),
	(7, 35),
	(9, 35),
	(16, 35),
	(5, 36),
	(9, 36),
	(13, 36),
	(16, 36),
	(6, 37),
	(9, 37),
	(11, 37),
	(13, 37),
	(14, 37),
	(16, 37),
	(6, 38),
	(9, 38),
	(13, 38),
	(16, 38),
	(6, 39),
	(9, 39),
	(16, 39),
	(6, 40),
	(7, 40),
	(9, 40),
	(12, 40),
	(14, 40),
	(16, 40),
	(6, 41),
	(9, 41),
	(12, 41),
	(16, 41);
/*!40000 ALTER TABLE `courses_students` ENABLE KEYS */;

CREATE TABLE IF NOT EXISTS `courses_trainers` (
  `courseid` int(11) NOT NULL,
  `trainerid` int(11) NOT NULL,
  PRIMARY KEY (`courseid`,`trainerid`),
  KEY `FK_courses_trainers_trainers` (`trainerid`),
  CONSTRAINT `FK_courses_trainers_courses` FOREIGN KEY (`courseid`) REFERENCES `courses` (`id`) ON DELETE CASCADE ON UPDATE CASCADE,
  CONSTRAINT `FK_courses_trainers_trainers` FOREIGN KEY (`trainerid`) REFERENCES `trainers` (`userid`) ON DELETE CASCADE ON UPDATE CASCADE
) ENGINE=InnoDB DEFAULT CHARSET=utf8;

/*!40000 ALTER TABLE `courses_trainers` DISABLE KEYS */;
REPLACE INTO `courses_trainers` (`courseid`, `trainerid`) VALUES
	(1, 2),
	(9, 2),
	(11, 2),
	(16, 2),
	(1, 3),
	(7, 3),
	(10, 3),
	(12, 3),
	(16, 3),
	(2, 4),
	(6, 4),
	(8, 4),
	(13, 4),
	(15, 4),
	(2, 5),
	(7, 5),
	(10, 5),
	(12, 5),
	(14, 5),
	(15, 5),
	(3, 6),
	(9, 6),
	(12, 6),
	(14, 6),
	(3, 7),
	(8, 7),
	(10, 7),
	(13, 7),
	(14, 7),
	(4, 8),
	(8, 8),
	(11, 8),
	(4, 10),
	(6, 10),
	(13, 10),
	(15, 10),
	(5, 11),
	(11, 11);
/*!40000 ALTER TABLE `courses_trainers` ENABLE KEYS */;

CREATE TABLE IF NOT EXISTS `schedule` (
  `id` int(11) NOT NULL AUTO_INCREMENT,
  `courseid` int(11) NOT NULL,
  `start` datetime NOT NULL,
  `end` datetime NOT NULL,
  PRIMARY KEY (`id`),
  KEY `FK_schedule_courses` (`courseid`),
  CONSTRAINT `FK_schedule_courses` FOREIGN KEY (`courseid`) REFERENCES `courses` (`id`) ON DELETE CASCADE ON UPDATE CASCADE
) ENGINE=InnoDB DEFAULT CHARSET=utf8;

/*!40000 ALTER TABLE `schedule` DISABLE KEYS */;
REPLACE INTO `schedule` (`id`, `courseid`, `start`, `end`) VALUES
	(2, 1, '2019-07-01 10:00:00', '2019-07-01 14:00:00'),
	(3, 1, '2019-07-02 10:00:00', '2019-07-02 14:00:00'),
	(4, 1, '2019-07-03 10:00:00', '2019-07-03 14:00:00'),
	(5, 1, '2019-07-04 10:00:00', '2019-07-04 14:00:00'),
	(6, 1, '2019-07-05 10:00:00', '2019-07-05 14:00:00'),
	(40, 2, '2019-07-01 10:00:00', '2019-07-01 18:00:00'),
	(41, 2, '2019-07-02 10:00:00', '2019-07-02 18:00:00'),
	(42, 2, '2019-07-03 10:00:00', '2019-07-03 14:00:00'),
	(43, 3, '2019-07-01 10:00:00', '2019-07-01 14:00:00'),
	(44, 3, '2019-07-02 10:00:00', '2019-07-02 14:00:00'),
	(45, 3, '2019-07-03 10:00:00', '2019-07-03 14:00:00'),
	(46, 3, '2019-07-04 10:00:00', '2019-07-04 14:00:00'),
	(47, 3, '2019-07-05 10:00:00', '2019-07-05 14:00:00'),
	(48, 4, '2019-07-01 10:00:00', '2019-07-01 18:00:00'),
	(49, 4, '2019-07-02 10:00:00', '2019-07-02 18:00:00'),
	(50, 4, '2019-07-03 10:00:00', '2019-07-03 14:00:00'),
	(51, 5, '2019-07-08 10:00:00', '2019-07-08 14:00:00'),
	(52, 5, '2019-07-09 10:00:00', '2019-07-09 14:00:00'),
	(53, 5, '2019-07-10 10:00:00', '2019-07-10 14:00:00'),
	(54, 5, '2019-07-11 10:00:00', '2019-07-11 14:00:00'),
	(55, 5, '2019-07-12 10:00:00', '2019-07-12 14:00:00'),
	(56, 6, '2019-07-08 10:00:00', '2019-07-08 18:00:00'),
	(57, 6, '2019-07-09 10:00:00', '2019-07-09 18:00:00'),
	(58, 6, '2019-07-10 10:00:00', '2019-07-10 14:00:00'),
	(59, 7, '2019-07-08 10:00:00', '2019-07-08 14:00:00'),
	(60, 7, '2019-07-09 10:00:00', '2019-07-09 14:00:00'),
	(61, 7, '2019-07-10 10:00:00', '2019-07-10 14:00:00'),
	(62, 7, '2019-07-11 10:00:00', '2019-07-11 14:00:00'),
	(63, 7, '2019-07-12 10:00:00', '2019-07-12 14:00:00'),
	(64, 8, '2019-07-08 10:00:00', '2019-07-08 18:00:00'),
	(65, 8, '2019-07-09 10:00:00', '2019-07-09 18:00:00'),
	(66, 8, '2019-07-09 10:00:00', '2019-07-09 14:00:00'),
	(67, 9, '2019-07-10 14:00:00', '2019-07-10 18:00:00'),
	(68, 9, '2019-07-11 14:00:00', '2019-07-11 18:00:00'),
	(69, 9, '2019-07-12 14:00:00', '2019-07-12 18:00:00'),
	(70, 10, '2019-07-15 10:00:00', '2019-07-15 18:00:00'),
	(71, 10, '2019-07-16 10:00:00', '2019-07-16 18:00:00'),
	(72, 10, '2019-07-17 10:00:00', '2019-07-17 14:00:00'),
	(73, 11, '2019-07-17 10:00:00', '2019-07-17 14:00:00'),
	(74, 11, '2019-07-18 10:00:00', '2019-07-18 14:00:00'),
	(75, 11, '2019-07-19 10:00:00', '2019-07-19 14:00:00'),
	(76, 11, '2019-07-22 10:00:00', '2019-07-22 14:00:00'),
	(77, 11, '2019-07-23 10:00:00', '2019-07-23 14:00:00'),
	(78, 12, '2019-07-19 10:00:00', '2019-07-19 18:00:00'),
	(79, 12, '2019-07-22 10:00:00', '2019-07-22 18:00:00'),
	(80, 12, '2019-07-23 10:00:00', '2019-07-23 18:00:00'),
	(81, 13, '2019-07-24 10:00:00', '2019-07-24 18:00:00'),
	(82, 13, '2019-07-25 10:00:00', '2019-07-25 18:00:00'),
	(83, 14, '2019-07-26 10:00:00', '2019-07-26 18:00:00'),
	(84, 14, '2019-07-29 10:00:00', '2019-07-29 19:30:00'),
	(85, 15, '2019-07-08 18:00:00', '2019-07-08 19:30:00'),
	(86, 15, '2019-07-09 18:00:00', '2019-07-09 19:30:00'),
	(87, 15, '2019-07-10 18:00:00', '2019-07-10 19:30:00'),
	(88, 15, '2019-07-11 18:00:00', '2019-07-11 19:30:00'),
	(89, 15, '2019-07-12 18:00:00', '2019-07-12 19:30:00'),
	(90, 15, '2019-07-15 18:00:00', '2019-07-15 19:30:00'),
	(91, 15, '2019-07-16 18:00:00', '2019-07-16 19:30:00'),
	(92, 15, '2019-07-17 18:00:00', '2019-07-17 19:30:00'),
	(93, 15, '2019-07-18 18:00:00', '2019-07-18 19:30:00'),
	(94, 15, '2019-07-19 18:00:00', '2019-07-19 19:30:00'),
	(95, 16, '2019-07-08 18:00:00', '2019-07-08 19:30:00'),
	(96, 16, '2019-07-09 18:00:00', '2019-07-09 19:30:00'),
	(97, 16, '2019-07-10 18:00:00', '2019-07-10 19:30:00'),
	(98, 16, '2019-07-11 18:00:00', '2019-07-11 19:30:00'),
	(99, 16, '2019-07-12 18:00:00', '2019-07-12 19:30:00'),
	(100, 16, '2019-07-22 18:00:00', '2019-07-22 19:30:00'),
	(101, 16, '2019-07-23 18:00:00', '2019-07-23 19:30:00'),
	(102, 16, '2019-07-24 18:00:00', '2019-07-24 19:30:00'),
	(103, 16, '2019-07-25 18:00:00', '2019-07-25 19:30:00'),
	(104, 16, '2019-07-26 18:00:00', '2019-07-26 19:30:00');
/*!40000 ALTER TABLE `schedule` ENABLE KEYS */;

CREATE TABLE IF NOT EXISTS `assignments` (
  `id` int(11) NOT NULL AUTO_INCREMENT,
  `courseid` int(11) NOT NULL,
  `title` varchar(255) NOT NULL,
  `submissiondate` date NOT NULL,
  `description` text,
  PRIMARY KEY (`id`),
  UNIQUE KEY `Index 3` (`courseid`,`title`,`submissiondate`),
  CONSTRAINT `FK_assignments_courses` FOREIGN KEY (`courseid`) REFERENCES `courses` (`id`) ON DELETE CASCADE ON UPDATE CASCADE
) ENGINE=InnoDB DEFAULT CHARSET=utf8;

/*!40000 ALTER TABLE `assignments` DISABLE KEYS */;
REPLACE INTO `assignments` (`id`, `courseid`, `title`, `submissiondate`, `description`) VALUES
	(19, 1, 'Compute a factorial using recursion', '2019-07-10', 'So, what is recursion?\n\nA recursive function is a function that calls itself until a “base condition” is true, and execution stops.\n\nWhile false, we will keep placing execution contexts on top of the stack. This may happen until we have a “stack overflow”. A stack overflow is when we run out of memory to hold items in the stack.'),
	(20, 2, 'Compute a factorial using recursion', '2019-07-10', 'So, what is recursion?\n\nA recursive function is a function that calls itself until a “base condition” is true, and execution stops.\n\nWhile false, we will keep placing execution contexts on top of the stack. This may happen until we have a “stack overflow”. A stack overflow is when we run out of memory to hold items in the stack.'),
	(21, 3, 'Compute a factorial using recursion', '2019-07-10', 'So, what is recursion?\n\nA recursive function is a function that calls itself until a “base condition” is true, and execution stops.\n\nWhile false, we will keep placing execution contexts on top of the stack. This may happen until we have a “stack overflow”. A stack overflow is when we run out of memory to hold items in the stack.'),
	(22, 4, 'Compute a factorial using recursion', '2019-07-10', 'So, what is recursion?\n\nA recursive function is a function that calls itself until a “base condition” is true, and execution stops.\n\nWhile false, we will keep placing execution contexts on top of the stack. This may happen until we have a “stack overflow”. A stack overflow is when we run out of memory to hold items in the stack.'),
	(23, 5, 'Design a singleton class', '2019-07-16', ''),
	(24, 6, 'Design a singleton class', '2019-07-16', ''),
	(25, 7, 'Design a singleton class', '2019-07-16', ''),
	(26, 8, 'Design a singleton class', '2019-07-16', ''),
	(27, 9, 'Use jsp to output a form', '2019-07-22', 'The form must be able to send an email'),
	(28, 10, 'Use jsp to output a form', '2019-07-22', 'The form must be able to send an email'),
	(29, 11, 'An essay about Microsoft', '2019-07-25', 'Why microsoft is evil.'),
	(30, 12, 'An essay about Microsoft', '2019-07-25', 'Why microsoft is evil.'),
	(31, 1, 'Why java is awesome', '2019-07-30', 'Is it?'),
	(32, 2, 'Why java is awesome', '2019-07-30', 'Is it?'),
	(33, 13, 'Build your first Spring project', '2019-08-02', 'Good luck'),
	(34, 14, 'Build your first Spring project', '2019-08-02', 'Good luck'),
	(35, 15, 'Create a database schema for a library', '2019-07-31', ''),
	(36, 16, 'Create a database schema for a library', '2019-07-31', '');
/*!40000 ALTER TABLE `assignments` ENABLE KEYS */;

CREATE TABLE IF NOT EXISTS `assignments_students` (
  `assignmentid` int(11) NOT NULL,
  `studentid` int(11) NOT NULL,
  `submitteddate` datetime DEFAULT NULL,
  `oralpoints` int(11) DEFAULT NULL,
  `writingpoints` int(11) DEFAULT NULL,
  PRIMARY KEY (`assignmentid`,`studentid`),
  KEY `FK_assignments_students_students` (`studentid`),
  CONSTRAINT `FK_assignments_students_assignments` FOREIGN KEY (`assignmentid`) REFERENCES `assignments` (`id`) ON DELETE CASCADE ON UPDATE CASCADE,
  CONSTRAINT `FK_assignments_students_students` FOREIGN KEY (`studentid`) REFERENCES `students` (`userid`) ON DELETE CASCADE ON UPDATE CASCADE
) ENGINE=InnoDB DEFAULT CHARSET=utf8;

/*!40000 ALTER TABLE `assignments_students` DISABLE KEYS */;
REPLACE INTO `assignments_students` (`assignmentid`, `studentid`, `submitteddate`, `oralpoints`, `writingpoints`) VALUES
	(19, 12, NULL, NULL, NULL),
	(19, 13, NULL, NULL, NULL),
	(19, 14, NULL, NULL, NULL),
	(19, 15, NULL, NULL, NULL),
	(20, 16, '2019-06-03 10:14:13', 0, 0),
	(20, 17, NULL, NULL, NULL),
	(20, 18, NULL, NULL, NULL),
	(20, 19, NULL, NULL, NULL),
	(20, 20, NULL, NULL, NULL),
	(21, 21, NULL, NULL, NULL),
	(21, 22, NULL, NULL, NULL),
	(21, 23, NULL, NULL, NULL),
	(21, 24, NULL, NULL, NULL),
	(21, 25, NULL, NULL, NULL),
	(22, 26, NULL, NULL, NULL),
	(22, 27, NULL, NULL, NULL),
	(22, 28, NULL, NULL, NULL),
	(22, 29, '2019-06-03 10:16:24', 0, 0),
	(22, 30, NULL, NULL, NULL),
	(22, 31, NULL, NULL, NULL),
	(22, 32, NULL, NULL, NULL),
	(23, 32, NULL, NULL, NULL),
	(23, 33, NULL, NULL, NULL),
	(23, 34, NULL, NULL, NULL),
	(23, 35, NULL, NULL, NULL),
	(23, 36, '2019-06-03 10:15:30', 0, 0),
	(24, 37, NULL, NULL, NULL),
	(24, 38, NULL, NULL, NULL),
	(24, 39, '2019-06-03 10:16:08', 0, 0),
	(24, 40, '2019-06-03 10:15:55', 0, 0),
	(24, 41, '2019-06-03 10:15:42', 0, 0),
	(25, 12, '2019-06-03 10:13:46', 0, 0),
	(25, 20, '2019-06-03 10:14:29', 0, 0),
	(25, 29, NULL, NULL, NULL),
	(25, 35, NULL, NULL, NULL),
	(25, 40, '2019-06-03 10:15:56', 0, 0),
	(26, 13, NULL, NULL, NULL),
	(26, 18, NULL, NULL, NULL),
	(26, 19, NULL, NULL, NULL),
	(26, 23, '2019-06-03 10:15:09', 0, 0),
	(26, 24, NULL, NULL, NULL),
	(26, 31, NULL, NULL, NULL),
	(26, 32, NULL, NULL, NULL),
	(27, 12, NULL, NULL, NULL),
	(27, 14, NULL, NULL, NULL),
	(27, 17, NULL, NULL, NULL),
	(27, 21, NULL, NULL, NULL),
	(27, 29, '2019-06-03 10:16:22', 88, 56),
	(27, 34, NULL, NULL, NULL),
	(27, 35, NULL, NULL, NULL),
	(27, 36, '2019-06-03 10:15:31', 0, 0),
	(27, 37, NULL, NULL, NULL),
	(27, 38, NULL, NULL, NULL),
	(27, 39, NULL, NULL, NULL),
	(27, 40, NULL, NULL, NULL),
	(27, 41, NULL, NULL, NULL),
	(28, 16, '2019-06-03 10:14:10', 0, 0),
	(28, 17, NULL, NULL, NULL),
	(28, 18, NULL, NULL, NULL),
	(28, 19, NULL, NULL, NULL),
	(28, 20, '2019-06-03 10:14:27', 0, 0),
	(28, 21, NULL, NULL, NULL),
	(28, 22, NULL, NULL, NULL),
	(28, 23, NULL, NULL, NULL),
	(28, 24, NULL, NULL, NULL),
	(29, 13, '2019-06-03 10:13:58', 0, 0),
	(29, 15, NULL, NULL, NULL),
	(29, 18, NULL, NULL, NULL),
	(29, 21, NULL, NULL, NULL),
	(29, 24, NULL, NULL, NULL),
	(29, 27, NULL, NULL, NULL),
	(29, 31, NULL, NULL, NULL),
	(29, 34, NULL, NULL, NULL),
	(29, 37, NULL, NULL, NULL),
	(30, 24, NULL, NULL, NULL),
	(30, 28, NULL, NULL, NULL),
	(30, 31, NULL, NULL, NULL),
	(30, 33, NULL, NULL, NULL),
	(30, 40, NULL, NULL, NULL),
	(30, 41, '2019-06-03 10:15:43', 80, 57),
	(31, 12, '2019-06-03 10:12:35', 67, 90),
	(31, 13, NULL, NULL, NULL),
	(31, 14, NULL, NULL, NULL),
	(31, 15, NULL, NULL, NULL),
	(32, 16, '2019-06-03 10:14:15', 0, 0),
	(32, 17, NULL, NULL, NULL),
	(32, 18, NULL, NULL, NULL),
	(32, 19, NULL, NULL, NULL),
	(32, 20, NULL, NULL, NULL),
	(33, 24, NULL, NULL, NULL),
	(33, 25, NULL, NULL, NULL),
	(33, 27, NULL, NULL, NULL),
	(33, 33, NULL, NULL, NULL),
	(33, 34, NULL, NULL, NULL),
	(33, 36, NULL, NULL, NULL),
	(33, 37, NULL, NULL, NULL),
	(33, 38, NULL, NULL, NULL),
	(34, 25, NULL, NULL, NULL),
	(34, 26, '2019-06-03 10:15:18', 100, 100),
	(34, 27, NULL, NULL, NULL),
	(34, 28, '2019-06-03 10:16:33', 0, 0),
	(34, 32, NULL, NULL, NULL),
	(34, 37, NULL, NULL, NULL),
	(34, 40, '2019-06-03 10:15:58', 0, 0),
	(35, 12, NULL, NULL, NULL),
	(35, 13, NULL, NULL, NULL),
	(35, 14, NULL, NULL, NULL),
	(35, 15, '2019-06-03 10:21:43', 0, 0),
	(35, 16, NULL, NULL, NULL),
	(35, 17, NULL, NULL, NULL),
	(35, 18, NULL, NULL, NULL),
	(35, 19, NULL, NULL, NULL),
	(35, 20, NULL, NULL, NULL),
	(35, 21, NULL, NULL, NULL),
	(35, 22, NULL, NULL, NULL),
	(35, 23, NULL, NULL, NULL),
	(35, 24, NULL, NULL, NULL),
	(35, 25, NULL, NULL, NULL),
	(35, 26, NULL, NULL, NULL),
	(35, 27, NULL, NULL, NULL),
	(35, 28, NULL, NULL, NULL),
	(36, 29, NULL, NULL, NULL),
	(36, 30, NULL, NULL, NULL),
	(36, 31, NULL, NULL, NULL),
	(36, 32, NULL, NULL, NULL),
	(36, 33, NULL, NULL, NULL),
	(36, 34, NULL, NULL, NULL),
	(36, 35, NULL, NULL, NULL),
	(36, 36, NULL, NULL, NULL),
	(36, 37, NULL, NULL, NULL),
	(36, 38, NULL, NULL, NULL),
	(36, 39, NULL, NULL, NULL),
	(36, 40, NULL, NULL, NULL),
	(36, 41, NULL, NULL, NULL);
/*!40000 ALTER TABLE `assignments_students` ENABLE KEYS */;